1;2015;1;4390,69
1;2015;2;3858,17
1;2015;3;4917,02
1;2015;4;1985,39
1;2015;5;3177,39
1;2015;6;1442,83
1;2015;7;4663,76
1;2015;8;1881,48
1;2015;9;3728,84
1;2015;10;4121,07
1;2015;11;4974,71
1;2015;12;3184,5
1;2016;1;3901,99
1;2016;2;1814,03
1;2016;3;3703,92
1;2016;4;380,49
1;2016;5;2323,98
1;2016;6;1532,47
1;2016;7;4045,26
1;2016;8;3696,24
1;2016;9;3562,47
1;2016;10;1236,89
1;2016;11;3340,96
1;2016;12;122,9
1;2017;1;1167,73
1;2017;2;4087,41
1;2017;3;4153,82
1;2017;4;4730,4
1;2017;5;3472,65
1;2017;6;1648,73
1;2017;7;4274,14
1;2017;8;3050,17
1;2017;9;1595,34
1;2017;10;4501,06
1;2017;11;2115,09
1;2017;12;460,38
2;2015;1;1402,79
2;2015;2;3658,22
2;2015;3;1187,43
2;2015;4;104,46
2;2015;5;3304,39
2;2015;6;2626,77
2;2015;7;2246,88
2;2015;8;4301,73
2;2015;9;1647,64
2;2015;10;3333,61
2;2015;11;3762,1
2;2015;12;2567,99
2;2016;1;3315,53
2;2016;2;2105,91
2;2016;3;2062,8
2;2016;4;1770,12
2;2016;5;4561,15
2;2016;6;166,31
2;2016;7;478,58
2;2016;8;1580,73
2;2016;9;4765,9
2;2016;10;3085,15
2;2016;11;4198,57
2;2016;12;1154,16
2;2017;1;945,9
2;2017;2;3442,15
2;2017;3;4626,38
2;2017;4;4082,51
2;2017;5;2324,11
2;2017;6;3609,15
2;2017;7;854,48
2;2017;8;2119,32
2;2017;9;820,71
2;2017;10;699,64
2;2017;11;1636,49
2;2017;12;4438,88
3;2015;1;4407,42
3;2015;2;4525,49
3;2015;3;3262,28
3;2015;4;4515,9
3;2015;5;1258,24
3;2015;6;2204,14
3;2015;7;2036,65
3;2015;8;4269,99
3;2015;9;4512,13
3;2015;10;2781,93
3;2015;11;3561,66
3;2015;12;4605,01
3;2016;1;4249,62
3;2016;2;223,79
3;2016;3;4334,21
3;2016;4;4497,02
3;2016;5;3071,63
3;2016;6;2029,64
3;2016;7;1117,21
3;2016;8;1101,04
3;2016;9;123,02
3;2016;10;267,51
3;2016;11;3686,42
3;2016;12;872,57
3;2017;1;238,25
3;2017;2;3845,86
3;2017;3;2333,93
3;2017;4;4660,14
3;2017;5;3115,63
3;2017;6;456,19
3;2017;7;3015,82
3;2017;8;3883,95
3;2017;9;3908,16
3;2017;10;4000,95
3;2017;11;1170,82
3;2017;12;2938,43
4;2015;1;4732,02
4;2015;2;3524,68
4;2015;3;2082,15
4;2015;4;4488,7
4;2015;5;721,58
4;2015;6;1219,72
4;2015;7;3969,03
4;2015;8;2761,61
4;2015;9;3253,65
4;2015;10;2098,56
4;2015;11;1763,19
4;2015;12;713,97
4;2016;1;4115,73
4;2016;2;542,09
4;2016;3;57,68
4;2016;4;574,63
4;2016;5;3452,69
4;2016;6;1905,48
4;2016;7;2415,72
4;2016;8;1514,67
4;2016;9;4575,27
4;2016;10;3069,28
4;2016;11;3871,18
4;2016;12;2751
4;2017;1;871,16
4;2017;2;4302,38
4;2017;3;2758,39
4;2017;4;3777,82
4;2017;5;571,04
4;2017;6;3631,2
4;2017;7;976,18
4;2017;8;1711,42
4;2017;9;1250,95
4;2017;10;602,33
4;2017;11;2719,2
4;2017;12;3092,21
5;2015;1;1149,51
5;2015;2;3123,64
5;2015;3;1219,17
5;2015;4;938,05
5;2015;5;2424,83
5;2015;6;4961,35
5;2015;7;3610,08
5;2015;8;2334,77
5;2015;9;1042,61
5;2015;10;4682,48
5;2015;11;4815,73
5;2015;12;4127,68
5;2016;1;1347,74
5;2016;2;1875,78
5;2016;3;1323,44
5;2016;4;1039,56
5;2016;5;688,22
5;2016;6;2387,96
5;2016;7;1353,55
5;2016;8;4414,91
5;2016;9;3130,52
5;2016;10;4548,51
5;2016;11;3819,22
5;2016;12;158,99
5;2017;1;2338,43
5;2017;2;2786,67
5;2017;3;149,74
5;2017;4;1938,05
5;2017;5;3238,23
5;2017;6;1737,89
5;2017;7;1295,01
5;2017;8;3448,81
5;2017;9;3140,53
5;2017;10;2905,25
5;2017;11;1141,61
5;2017;12;1819,03
6;2015;1;2725,31
6;2015;2;1658,53
6;2015;3;191,13
6;2015;4;4188,3
6;2015;5;4769,04
6;2015;6;3367,3
6;2015;7;4248,8
6;2015;8;197,65
6;2015;9;4264,65
6;2015;10;1177,41
6;2015;11;3399,12
6;2015;12;88,7
6;2016;1;1903,78
6;2016;2;589,83
6;2016;3;1683,21
6;2016;4;386,92
6;2016;5;1450,66
6;2016;6;2110,67
6;2016;7;304,65
6;2016;8;2754,64
6;2016;9;2343,64
6;2016;10;1718,74
6;2016;11;1805,97
6;2016;12;4495,2
6;2017;1;4530,66
6;2017;2;3046,69
6;2017;3;4496,9
6;2017;4;2976,88
6;2017;5;3513,52
6;2017;6;1367,1
6;2017;7;854,75
6;2017;8;2552,46
6;2017;9;3337,07
6;2017;10;3791,1
6;2017;11;2986,17
6;2017;12;4588,4
7;2015;1;4091,97
7;2015;2;4515,6
7;2015;3;4074,21
7;2015;4;2007,94
7;2015;5;2648,58
7;2015;6;3441,3
7;2015;7;3465,49
7;2015;8;4887,42
7;2015;9;4542,85
7;2015;10;2244,49
7;2015;11;1215,04
7;2015;12;4414,22
7;2016;1;328,43
7;2016;2;124,43
7;2016;3;806,06
7;2016;4;4793,59
7;2016;5;3458,39
7;2016;6;1725,49
7;2016;7;798,91
7;2016;8;4214,36
7;2016;9;1895,26
7;2016;10;566,37
7;2016;11;4017,68
7;2016;12;4147,58
7;2017;1;4390,87
7;2017;2;1068,1
7;2017;3;1058,15
7;2017;4;3824,73
7;2017;5;1042,91
7;2017;6;3354,88
7;2017;7;1779,39
7;2017;8;2955,46
7;2017;9;782,51
7;2017;10;1583,02
7;2017;11;2858,68
7;2017;12;4310,24
8;2015;1;4845,09
8;2015;2;1320,14
8;2015;3;143,16
8;2015;4;3733,53
8;2015;5;4980,15
8;2015;6;2771,18
8;2015;7;1239,99
8;2015;8;501,28
8;2015;9;1471,16
8;2015;10;1412,14
8;2015;11;4206,13
8;2015;12;3493,02
8;2016;1;1383,92
8;2016;2;3778,57
8;2016;3;4048,75
8;2016;4;626,03
8;2016;5;1826,51
8;2016;6;426,49
8;2016;7;3395,35
8;2016;8;1175,54
8;2016;9;3355,55
8;2016;10;1550,78
8;2016;11;4296,15
8;2016;12;3330,42
8;2017;1;3407,06
8;2017;2;524,55
8;2017;3;1427,13
8;2017;4;963,39
8;2017;5;4619,32
8;2017;6;3944,67
8;2017;7;1410,26
8;2017;8;4608,86
8;2017;9;1902,1
8;2017;10;1067,95
8;2017;11;3487,74
8;2017;12;4365,99
9;2015;1;3145,19
9;2015;2;3780,79
9;2015;3;4586,41
9;2015;4;3797,41
9;2015;5;1100,43
9;2015;6;879,55
9;2015;7;3212,17
9;2015;8;2645,53
9;2015;9;2185,48
9;2015;10;4211,7
9;2015;11;549,09
9;2015;12;2428,13
9;2016;1;607,5
9;2016;2;2116,72
9;2016;3;2939,12
9;2016;4;1506,99
9;2016;5;1323,35
9;2016;6;1962,25
9;2016;7;4200,48
9;2016;8;698,22
9;2016;9;4776,4
9;2016;10;2364,92
9;2016;11;807,66
9;2016;12;1829,88
9;2017;1;1100,01
9;2017;2;3468,4
9;2017;3;4462,65
9;2017;4;3117,83
9;2017;5;3121,56
9;2017;6;4078,78
9;2017;7;93,7
9;2017;8;3579,04
9;2017;9;813,97
9;2017;10;4619,86
9;2017;11;4881,8
9;2017;12;1730,73
10;2015;1;3707,26
10;2015;2;1427,98
10;2015;3;508,29
10;2015;4;2974,05
10;2015;5;4010,93
10;2015;6;3594,81
10;2015;7;4356,16
10;2015;8;425,71
10;2015;9;4657,55
10;2015;10;2009,55
10;2015;11;1323,69
10;2015;12;2406,32
10;2016;1;3524,1
10;2016;2;3893,14
10;2016;3;3375,46
10;2016;4;4773,01
10;2016;5;4770,4
10;2016;6;3785,18
10;2016;7;4722,89
10;2016;8;4842,17
10;2016;9;1248,73
10;2016;10;4904,74
10;2016;11;4918,7
10;2016;12;2841,5
10;2017;1;2302,05
10;2017;2;2165,02
10;2017;3;2179,21
10;2017;4;4111,41
10;2017;5;488,93
10;2017;6;4482,24
10;2017;7;1078,16
10;2017;8;2918,22
10;2017;9;3930,39
10;2017;10;4538,34
10;2017;11;4636,7
10;2017;12;892,38
11;2015;1;1479,04
11;2015;2;4430,83
11;2015;3;2728,1
11;2015;4;3558,7
11;2015;5;2502,21
11;2015;6;4747,92
11;2015;7;2474,23
11;2015;8;2139,47
11;2015;9;957,11
11;2015;10;1474,53
11;2015;11;270,58
11;2015;12;4774,39
11;2016;1;2297,2
11;2016;2;2885,78
11;2016;3;3585,65
11;2016;4;4187,47
11;2016;5;1775,12
11;2016;6;3960,74
11;2016;7;3413,58
11;2016;8;4123,46
11;2016;9;1225,12
11;2016;10;4539,48
11;2016;11;2269,61
11;2016;12;1811,25
11;2017;1;2351,94
11;2017;2;4085,49
11;2017;3;4823,06
11;2017;4;1987,35
11;2017;5;2078,51
11;2017;6;4893,71
11;2017;7;657,7
11;2017;8;1602,25
11;2017;9;173,19
11;2017;10;971,35
11;2017;11;4587,23
11;2017;12;1129,8
12;2015;1;4101,82
12;2015;2;664,26
12;2015;3;3022,93
12;2015;4;1276,97
12;2015;5;4061,4
12;2015;6;2371,81
12;2015;7;1265
12;2015;8;4800,81
12;2015;9;2218,23
12;2015;10;1852,25
12;2015;11;1561,4
12;2015;12;637,58
12;2016;1;1179,61
12;2016;2;3165,32
12;2016;3;3328,24
12;2016;4;1276,99
12;2016;5;133,18
12;2016;6;673,57
12;2016;7;1706,32
12;2016;8;4739,99
12;2016;9;2526,33
12;2016;10;3990,76
12;2016;11;1586,56
12;2016;12;778,67
12;2017;1;2595,58
12;2017;2;1001,82
12;2017;3;4981,58
12;2017;4;670,57
12;2017;5;4420,67
12;2017;6;3058,6
12;2017;7;4751,14
12;2017;8;855,98
12;2017;9;3558,5
12;2017;10;3629,9
12;2017;11;2401,41
12;2017;12;4072,24
13;2015;1;1388,01
13;2015;2;4668,48
13;2015;3;1098,03
13;2015;4;269,66
13;2015;5;4937,69
13;2015;6;857,13
13;2015;7;4643,62
13;2015;8;4360,05
13;2015;9;2657,75
13;2015;10;69,23
13;2015;11;2615,44
13;2015;12;3557,48
13;2016;1;407,17
13;2016;2;3080,54
13;2016;3;2747,33
13;2016;4;2182,69
13;2016;5;1993,53
13;2016;6;1261,04
13;2016;7;3876,7
13;2016;8;4298,51
13;2016;9;2571,69
13;2016;10;1464,04
13;2016;11;4607,23
13;2016;12;786,52
13;2017;1;3406,41
13;2017;2;3460,13
13;2017;3;2347,75
13;2017;4;4684,69
13;2017;5;2560,57
13;2017;6;1443,76
13;2017;7;4486,57
13;2017;8;1512,4
13;2017;9;3333,55
13;2017;10;4748,54
13;2017;11;211,1
13;2017;12;3155,21
14;2015;1;2557,64
14;2015;2;3458,03
14;2015;3;3445,75
14;2015;4;1403,57
14;2015;5;3083,55
14;2015;6;3276,27
14;2015;7;1481,88
14;2015;8;4445,04
14;2015;9;3176,52
14;2015;10;899,91
14;2015;11;3820,78
14;2015;12;3087,21
14;2016;1;2082,59
14;2016;2;4191,44
14;2016;3;828,02
14;2016;4;2697,13
14;2016;5;4225,1
14;2016;6;1994,77
14;2016;7;1370,59
14;2016;8;1186,86
14;2016;9;1387,34
14;2016;10;2090,95
14;2016;11;810,12
14;2016;12;988,63
14;2017;1;497,41
14;2017;2;4928,36
14;2017;3;2776,33
14;2017;4;1404,7
14;2017;5;1647,23
14;2017;6;2914,94
14;2017;7;1613,87
14;2017;8;4655,47
14;2017;9;1549,45
14;2017;10;559,02
14;2017;11;1817,08
14;2017;12;2519,37
15;2015;1;1191,53
15;2015;2;3204,28
15;2015;3;1607,06
15;2015;4;604,85
15;2015;5;387,98
15;2015;6;2381,49
15;2015;7;4662,78
15;2015;8;4494,52
15;2015;9;3972,73
15;2015;10;1527,83
15;2015;11;4752,85
15;2015;12;3113,65
15;2016;1;2556,13
15;2016;2;65,43
15;2016;3;4817,5
15;2016;4;4937,17
15;2016;5;4896,77
15;2016;6;2181,8
15;2016;7;2539,59
15;2016;8;2786,53
15;2016;9;2788,37
15;2016;10;569,57
15;2016;11;4163,75
15;2016;12;1757,18
15;2017;1;3618,85
15;2017;2;1531,58
15;2017;3;1844,3
15;2017;4;2278,95
15;2017;5;4147,91
15;2017;6;1920,43
15;2017;7;801,86
15;2017;8;3751,17
15;2017;9;4551,21
15;2017;10;3237,93
15;2017;11;3126,99
15;2017;12;4471,52
16;2015;1;747,84
16;2015;2;2598,37
16;2015;3;517,71
16;2015;4;1075,81
16;2015;5;2791,07
16;2015;6;1177,89
16;2015;7;1126,92
16;2015;8;2601,08
16;2015;9;1554,92
16;2015;10;4588,69
16;2015;11;2193,61
16;2015;12;4386,76
16;2016;1;2703,72
16;2016;2;3181,61
16;2016;3;1047,67
16;2016;4;4952,59
16;2016;5;4970,1
16;2016;6;2161,36
16;2016;7;521,62
16;2016;8;2592,35
16;2016;9;1032,53
16;2016;10;1838,85
16;2016;11;1712,93
16;2016;12;73,55
16;2017;1;584,73
16;2017;2;1687,32
16;2017;3;3059,06
16;2017;4;4139,69
16;2017;5;216
16;2017;6;4595,75
16;2017;7;264,42
16;2017;8;3264,01
16;2017;9;4467,12
16;2017;10;4605,63
16;2017;11;1763,94
16;2017;12;2021,32
17;2015;1;2704,49
17;2015;2;1254,19
17;2015;3;3659,73
17;2015;4;4059,18
17;2015;5;2419,26
17;2015;6;2658,12
17;2015;7;2880,2
17;2015;8;1688,23
17;2015;9;3359,77
17;2015;10;4853,02
17;2015;11;2483,43
17;2015;12;3019,74
17;2016;1;4808,87
17;2016;2;4192,17
17;2016;3;1523,15
17;2016;4;3442,48
17;2016;5;711,52
17;2016;6;3289,71
17;2016;7;1438,96
17;2016;8;50,92
17;2016;9;4342,03
17;2016;10;642,16
17;2016;11;3348,75
17;2016;12;139,47
17;2017;1;2393,23
17;2017;2;2150,49
17;2017;3;4158,86
17;2017;4;1301,04
17;2017;5;2111,89
17;2017;6;577,13
17;2017;7;3383,87
17;2017;8;1958,12
17;2017;9;250,79
17;2017;10;2386,22
17;2017;11;481,76
17;2017;12;2166,51
18;2015;1;3134,89
18;2015;2;598,79
18;2015;3;788,56
18;2015;4;4548,02
18;2015;5;325,08
18;2015;6;3029,15
18;2015;7;4418,86
18;2015;8;4200,17
18;2015;9;4516,47
18;2015;10;2674,58
18;2015;11;3756,4
18;2015;12;2709,25
18;2016;1;3725,87
18;2016;2;2035,69
18;2016;3;3822,49
18;2016;4;4933,85
18;2016;5;3405,57
18;2016;6;3321,39
18;2016;7;1858,44
18;2016;8;1976,64
18;2016;9;2257,93
18;2016;10;2787,15
18;2016;11;979,51
18;2016;12;3530,67
18;2017;1;4227,43
18;2017;2;4081,86
18;2017;3;4745,19
18;2017;4;511,18
18;2017;5;4340,01
18;2017;6;2022,17
18;2017;7;1956,13
18;2017;8;560,25
18;2017;9;3067,47
18;2017;10;1899,81
18;2017;11;4410,98
18;2017;12;490,74
19;2015;1;2898,51
19;2015;2;1246,49
19;2015;3;192,79
19;2015;4;1406,56
19;2015;5;3002,97
19;2015;6;1969,63
19;2015;7;1543,17
19;2015;8;2385,8
19;2015;9;2216,31
19;2015;10;252,12
19;2015;11;2632,84
19;2015;12;4279,43
19;2016;1;4850,44
19;2016;2;3681
19;2016;3;4149,2
19;2016;4;847,92
19;2016;5;3016,56
19;2016;6;1353,54
19;2016;7;2992,55
19;2016;8;365,16
19;2016;9;1043,76
19;2016;10;4834,89
19;2016;11;3795,55
19;2016;12;321,86
19;2017;1;61,45
19;2017;2;4230,74
19;2017;3;3546,51
19;2017;4;1938,32
19;2017;5;144,25
19;2017;6;4632,56
19;2017;7;3586,22
19;2017;8;3917,48
19;2017;9;3676,38
19;2017;10;1741,89
19;2017;11;2069,71
19;2017;12;4260,62
20;2015;1;2079,83
20;2015;2;3098,74
20;2015;3;1547,41
20;2015;4;966,26
20;2015;5;4729,57
20;2015;6;3355,46
20;2015;7;3396,8
20;2015;8;2823,41
20;2015;9;217,86
20;2015;10;2727,47
20;2015;11;3278,93
20;2015;12;1018,99
20;2016;1;3959,48
20;2016;2;4955,18
20;2016;3;2758,94
20;2016;4;1054,64
20;2016;5;2845,45
20;2016;6;2040,58
20;2016;7;1352,32
20;2016;8;3119,51
20;2016;9;3899,13
20;2016;10;4614,74
20;2016;11;4812,31
20;2016;12;4337,76
20;2017;1;4661,73
20;2017;2;648,08
20;2017;3;2727,91
20;2017;4;2196,94
20;2017;5;1015,36
20;2017;6;552,53
20;2017;7;1540,52
20;2017;8;4235,57
20;2017;9;1465,06
20;2017;10;4681,05
20;2017;11;4553,69
20;2017;12;4164,18
21;2015;1;1489,65
21;2015;2;1231,35
21;2015;3;2685,65
21;2015;4;3682,94
21;2015;5;4519,63
21;2015;6;4291,03
21;2015;7;1696,2
21;2015;8;1021,77
21;2015;9;2659,03
21;2015;10;3691,63
21;2015;11;3545,07
21;2015;12;814,33
21;2016;1;4357,21
21;2016;2;546,34
21;2016;3;4640,33
21;2016;4;4370,41
21;2016;5;2796,84
21;2016;6;517,95
21;2016;7;4031,43
21;2016;8;4349,62
21;2016;9;2688,87
21;2016;10;4973,68
21;2016;11;1594,34
21;2016;12;2841,16
21;2017;1;4912,13
21;2017;2;1979,16
21;2017;3;1649,47
21;2017;4;1092,78
21;2017;5;4723,15
21;2017;6;2613,94
21;2017;7;1023,45
21;2017;8;4666,7
21;2017;9;755,88
21;2017;10;3189,93
21;2017;11;2643,55
21;2017;12;3657,53
22;2015;1;380,25
22;2015;2;2822,09
22;2015;3;2068,71
22;2015;4;2447,7
22;2015;5;3328,8
22;2015;6;528,45
22;2015;7;3793,78
22;2015;8;160,45
22;2015;9;4729,71
22;2015;10;4968,84
22;2015;11;96,74
22;2015;12;1820,76
22;2016;1;270,35
22;2016;2;1107,19
22;2016;3;2436,98
22;2016;4;3605,76
22;2016;5;4404,49
22;2016;6;4493,01
22;2016;7;4584,75
22;2016;8;2846,42
22;2016;9;1565,23
22;2016;10;4110,9
22;2016;11;1911,49
22;2016;12;2678,81
22;2017;1;2409,79
22;2017;2;1882,67
22;2017;3;2380
22;2017;4;605,79
22;2017;5;3880,28
22;2017;6;1582,62
22;2017;7;707,21
22;2017;8;3256,77
22;2017;9;1622,84
22;2017;10;3268,92
22;2017;11;4831,33
22;2017;12;1986,12
23;2015;1;1058,08
23;2015;2;3720,22
23;2015;3;2961,65
23;2015;4;2638,97
23;2015;5;3295,83
23;2015;6;3708,11
23;2015;7;1435,96
23;2015;8;1452,09
23;2015;9;2426,6
23;2015;10;249,58
23;2015;11;4477,36
23;2015;12;3232,96
23;2016;1;3754,96
23;2016;2;4519,46
23;2016;3;710,06
23;2016;4;4000,27
23;2016;5;4881,81
23;2016;6;4310,05
23;2016;7;208,01
23;2016;8;4642,96
23;2016;9;787,46
23;2016;10;3758,58
23;2016;11;4945,19
23;2016;12;3014,49
23;2017;1;938
23;2017;2;3108,18
23;2017;3;2435,87
23;2017;4;3786,9
23;2017;5;4935,92
23;2017;6;2480,65
23;2017;7;1038,25
23;2017;8;4976,99
23;2017;9;2726,56
23;2017;10;368,09
23;2017;11;335,52
23;2017;12;2811,89
24;2015;1;2903,74
24;2015;2;301,11
24;2015;3;4581,18
24;2015;4;1565,73
24;2015;5;2814,49
24;2015;6;115,18
24;2015;7;1506,88
24;2015;8;349,5
24;2015;9;2333,17
24;2015;10;2812,96
24;2015;11;4418,4
24;2015;12;4534,32
24;2016;1;2518,78
24;2016;2;1104,06
24;2016;3;1494,87
24;2016;4;4473,38
24;2016;5;3860,27
24;2016;6;2506,11
24;2016;7;3371,4
24;2016;8;4445,78
24;2016;9;2684,9
24;2016;10;139,97
24;2016;11;4280,59
24;2016;12;1537,98
24;2017;1;1927,2
24;2017;2;3389,83
24;2017;3;623,36
24;2017;4;2627,97
24;2017;5;179,85
24;2017;6;4258,31
24;2017;7;1544,67
24;2017;8;3566,99
24;2017;9;4143,23
24;2017;10;771,99
24;2017;11;1185,08
24;2017;12;4613,98
25;2015;1;1651,06
25;2015;2;4815,2
25;2015;3;4953,72
25;2015;4;3693,33
25;2015;5;2071,28
25;2015;6;914,33
25;2015;7;4556,56
25;2015;8;1099,48
25;2015;9;2402,11
25;2015;10;1322,37
25;2015;11;2008,71
25;2015;12;178,18
25;2016;1;1657
25;2016;2;995,95
25;2016;3;3031,22
25;2016;4;3596,67
25;2016;5;4127,73
25;2016;6;3181,94
25;2016;7;497,06
25;2016;8;2755,36
25;2016;9;3740,69
25;2016;10;603,79
25;2016;11;3401,23
25;2016;12;4607,7
25;2017;1;1786,42
25;2017;2;1228,32
25;2017;3;1840,9
25;2017;4;4682,42
25;2017;5;4555,9
25;2017;6;1912,73
25;2017;7;854,68
25;2017;8;766,13
25;2017;9;355,45
25;2017;10;2300,68
25;2017;11;442,3
25;2017;12;1833,36
26;2015;1;4298,17
26;2015;2;3815,65
26;2015;3;1292,98
26;2015;4;658,99
26;2015;5;1983
26;2015;6;4461,14
26;2015;7;3722,27
26;2015;8;3234,39
26;2015;9;1058,7
26;2015;10;3972,44
26;2015;11;3795,16
26;2015;12;3636,37
26;2016;1;281,89
26;2016;2;1635,03
26;2016;3;3512,27
26;2016;4;3614,69
26;2016;5;4362,28
26;2016;6;3434,99
26;2016;7;455
26;2016;8;3715,54
26;2016;9;3812,08
26;2016;10;4673,18
26;2016;11;1298,73
26;2016;12;2288,83
26;2017;1;3123,26
26;2017;2;905,8
26;2017;3;2343,72
26;2017;4;311,36
26;2017;5;2030
26;2017;6;1406,62
26;2017;7;1515,55
26;2017;8;4460,46
26;2017;9;1385,92
26;2017;10;2051,41
26;2017;11;4317,6
26;2017;12;1462,71
27;2015;1;2418,06
27;2015;2;1851,05
27;2015;3;2309,19
27;2015;4;2528,36
27;2015;5;3003,02
27;2015;6;2197,86
27;2015;7;2937,61
27;2015;8;845,75
27;2015;9;2671,58
27;2015;10;956,18
27;2015;11;2461,13
27;2015;12;2292,29
27;2016;1;455,76
27;2016;2;1525,91
27;2016;3;3187,34
27;2016;4;2016,78
27;2016;5;3812,69
27;2016;6;909,47
27;2016;7;4806,96
27;2016;8;3978,46
27;2016;9;2993,06
27;2016;10;693,98
27;2016;11;448,85
27;2016;12;242,01
27;2017;1;2561,26
27;2017;2;2551,26
27;2017;3;2907,8
27;2017;4;4101,02
27;2017;5;3523,23
27;2017;6;156,96
27;2017;7;1663,86
27;2017;8;210,53
27;2017;9;4364,49
27;2017;10;2450,07
27;2017;11;732,05
27;2017;12;1098,97
28;2015;1;3747,24
28;2015;2;324,63
28;2015;3;4053,42
28;2015;4;789,15
28;2015;5;3793,74
28;2015;6;4023,86
28;2015;7;675,53
28;2015;8;4466,21
28;2015;9;1246,52
28;2015;10;656,93
28;2015;11;504,73
28;2015;12;4602,65
28;2016;1;1541,4
28;2016;2;3641,6
28;2016;3;2174,41
28;2016;4;1774,07
28;2016;5;2752,91
28;2016;6;4287,18
28;2016;7;2158,25
28;2016;8;1678,64
28;2016;9;208,18
28;2016;10;1603,27
28;2016;11;2843,57
28;2016;12;274,12
28;2017;1;2375,1
28;2017;2;2693,04
28;2017;3;3863,35
28;2017;4;4226
28;2017;5;2669,56
28;2017;6;2513,4
28;2017;7;3976,32
28;2017;8;291,28
28;2017;9;4336,23
28;2017;10;439,81
28;2017;11;881,22
28;2017;12;2861,76
29;2015;1;1194,25
29;2015;2;2333,58
29;2015;3;3786,01
29;2015;4;3833,3
29;2015;5;4439,9
29;2015;6;404,21
29;2015;7;3325,54
29;2015;8;4776,48
29;2015;9;974,03
29;2015;10;1803,26
29;2015;11;4323,52
29;2015;12;1079,91
29;2016;1;1511,08
29;2016;2;4072,42
29;2016;3;3802,69
29;2016;4;65,76
29;2016;5;4119,44
29;2016;6;823,89
29;2016;7;3342,95
29;2016;8;345,8
29;2016;9;1936,73
29;2016;10;4549,72
29;2016;11;4970,8
29;2016;12;2583,54
29;2017;1;4524,81
29;2017;2;3777,54
29;2017;3;4627,56
29;2017;4;2420,06
29;2017;5;2327,21
29;2017;6;1176,05
29;2017;7;4166,43
29;2017;8;4244,28
29;2017;9;3726,46
29;2017;10;3401,32
29;2017;11;434,97
29;2017;12;424,27
30;2015;1;3438,75
30;2015;2;4485,26
30;2015;3;1822,61
30;2015;4;1501,59
30;2015;5;4751,31
30;2015;6;2006,73
30;2015;7;228,4
30;2015;8;1586,12
30;2015;9;1013,23
30;2015;10;1530,73
30;2015;11;4092,14
30;2015;12;1771,93
30;2016;1;531,9
30;2016;2;2267,97
30;2016;3;3939,81
30;2016;4;432,61
30;2016;5;2424,71
30;2016;6;1764,55
30;2016;7;841,68
30;2016;8;3354,29
30;2016;9;4440,03
30;2016;10;2489,64
30;2016;11;802,83
30;2016;12;4638,39
30;2017;1;3870,23
30;2017;2;2990,94
30;2017;3;4113,62
30;2017;4;4898,88
30;2017;5;3451,59
30;2017;6;1265,66
30;2017;7;2015,92
30;2017;8;2605,82
30;2017;9;2979,81
30;2017;10;3397,66
30;2017;11;1891,13
30;2017;12;200,1
31;2015;1;913,92
31;2015;2;163,79
31;2015;3;4314,37
31;2015;4;171,36
31;2015;5;1752,73
31;2015;6;1526,64
31;2015;7;894,76
31;2015;8;2753,34
31;2015;9;4748,46
31;2015;10;4931,41
31;2015;11;1708,52
31;2015;12;1750,33
31;2016;1;3717,48
31;2016;2;1998,5
31;2016;3;4317,51
31;2016;4;4069,71
31;2016;5;1347,65
31;2016;6;500,16
31;2016;7;4281,3
31;2016;8;1980,17
31;2016;9;1365,08
31;2016;10;2328,53
31;2016;11;1255,49
31;2016;12;4718,94
31;2017;1;1497,91
31;2017;2;3473,42
31;2017;3;4802,65
31;2017;4;712,84
31;2017;5;4452,56
31;2017;6;1825,02
31;2017;7;2690,59
31;2017;8;3250,09
31;2017;9;176,57
31;2017;10;3719,14
31;2017;11;3095,54
31;2017;12;3845,8
32;2015;1;642,61
32;2015;2;3451,21
32;2015;3;3198,71
32;2015;4;1999,53
32;2015;5;2062,93
32;2015;6;1080,33
32;2015;7;916,15
32;2015;8;234,98
32;2015;9;1405,96
32;2015;10;976,53
32;2015;11;4227,55
32;2015;12;706,67
32;2016;1;3737,91
32;2016;2;2547,56
32;2016;3;2158,55
32;2016;4;1709,36
32;2016;5;4984,75
32;2016;6;1774,36
32;2016;7;3304,53
32;2016;8;1543,9
32;2016;9;649,42
32;2016;10;4813,37
32;2016;11;2811,34
32;2016;12;1455,44
32;2017;1;3204,8
32;2017;2;1715,69
32;2017;3;1292,41
32;2017;4;1037,13
32;2017;5;622,07
32;2017;6;3920,3
32;2017;7;2792,44
32;2017;8;823,69
32;2017;9;1777,1
32;2017;10;502,25
32;2017;11;1976,5
32;2017;12;1961,36
33;2015;1;4699,8
33;2015;2;2768,71
33;2015;3;3389,26
33;2015;4;2507,68
33;2015;5;690,88
33;2015;6;2718,13
33;2015;7;4436,71
33;2015;8;2147,71
33;2015;9;2120,88
33;2015;10;2885,81
33;2015;11;4861,64
33;2015;12;4827,85
33;2016;1;4995,05
33;2016;2;1488,43
33;2016;3;2251,8
33;2016;4;3096,43
33;2016;5;4188,63
33;2016;6;3542,87
33;2016;7;2754,6
33;2016;8;751,02
33;2016;9;3367,82
33;2016;10;556,5
33;2016;11;1496,34
33;2016;12;3805
33;2017;1;4241,45
33;2017;2;2219,37
33;2017;3;3674,8
33;2017;4;3579,39
33;2017;5;464,02
33;2017;6;490,15
33;2017;7;4519,3
33;2017;8;992,71
33;2017;9;1861,93
33;2017;10;2739,68
33;2017;11;1694,69
33;2017;12;1640,28
34;2015;1;3020,57
34;2015;2;3482,98
34;2015;3;2864,8
34;2015;4;3617,06
34;2015;5;4598,68
34;2015;6;4632,54
34;2015;7;1209,5
34;2015;8;961,71
34;2015;9;1775,1
34;2015;10;3847,02
34;2015;11;821,44
34;2015;12;798,35
34;2016;1;1895,65
34;2016;2;2021,32
34;2016;3;1704,63
34;2016;4;278,69
34;2016;5;4034,17
34;2016;6;2798,21
34;2016;7;2194,34
34;2016;8;4825,11
34;2016;9;2281,78
34;2016;10;2701,61
34;2016;11;4502,64
34;2016;12;3156,68
34;2017;1;3704,74
34;2017;2;4838,92
34;2017;3;1466,82
34;2017;4;1539,81
34;2017;5;3173,04
34;2017;6;4540,92
34;2017;7;3983,89
34;2017;8;2281,89
34;2017;9;4402,18
34;2017;10;2873,6
34;2017;11;1046,13
34;2017;12;4938,55
35;2015;1;2861,64
35;2015;2;4032,45
35;2015;3;2275,97
35;2015;4;4011,08
35;2015;5;2864,84
35;2015;6;1477,91
35;2015;7;1788,46
35;2015;8;3290,05
35;2015;9;1391,71
35;2015;10;2075,03
35;2015;11;2300,72
35;2015;12;2459,48
35;2016;1;4911,17
35;2016;2;790,15
35;2016;3;4308,09
35;2016;4;4328,62
35;2016;5;1716,29
35;2016;6;2404,57
35;2016;7;4569,58
35;2016;8;1089,66
35;2016;9;2402,51
35;2016;10;4031,04
35;2016;11;3131,92
35;2016;12;4830,65
35;2017;1;732,88
35;2017;2;3948,74
35;2017;3;137,73
35;2017;4;1168,01
35;2017;5;3574,92
35;2017;6;222,45
35;2017;7;241,47
35;2017;8;4047,18
35;2017;9;2549,16
35;2017;10;4183,3
35;2017;11;1502
35;2017;12;3852,31
